<?xml version="1.0" encoding="UTF-8" standalone="yes"?><testSuite xmlns="http://www.sun.com/japex/testSuite" name="JSON Marshalling Test Suite"><param value="lib" name="libraryDir"></param><param value="bin" name="japex.classPath"></param><param value="lib/asm-2.2.3.jar" name="japex.classPath"></param><param value="lib/asm-attrs-2.2.3.jar" name="japex.classPath"></param><param value="lib/asm-commons-2.2.3.jar" name="japex.classPath"></param><param value="lib/google-collections/google-collect-snapshot-20071022.jar" name="japex.classPath"></param><param value="lib/junit/junit-4.1.jar" name="japex.classPath"></param><param value="lib/japex/japex-1.1.jar" name="japex.classPath"></param><param value="lib/flexjson/flexjson-1.6.jar" name="japex.classPath"></param><param value="lib/sojo/sojo-0.5.0.jar" name="japex.classPath"></param><param value="lib/xstream/xstream-1.2.2.jar" name="japex.classPath"></param><param value="10" name="japex.warmupTime"></param><param value="30" name="japex.runTime"></param><driver name="JsonMarshaller 0.8"><param value="com.twolattes.json.benchmark.JsonMarshallerMarshallingDriver" name="japex.driverClass"></param></driver><driver name="Flexjson 1.6"><param value="com.twolattes.json.benchmark.FlexjsonMarshallingDriver" name="japex.driverClass"></param></driver><driver name="SOJO 0.5"><param value="com.twolattes.json.benchmark.SojoMarshallingDriver" name="japex.driverClass"></param></driver><driver name="XStream 1.2.2"><param value="com.twolattes.json.benchmark.XStreamMarshallingDriver" name="japex.driverClass"></param></driver><testCase name="EntityA"><param value="com.twolattes.json.benchmark.EntityA" name="entityClass"></param></testCase><testCase name="EntityB (deep)"><param value="com.twolattes.json.benchmark.EntityB" name="entityClass"></param></testCase><testCase name="EntityB (includes)"><param value="com.twolattes.json.benchmark.EntityB" name="entityClass"></param><param value="doubles" name="flexjsonIncludes"></param></testCase><testCase name="EntityC (deep)"><param value="com.twolattes.json.benchmark.EntityC" name="entityClass"></param></testCase></testSuite>