<testSuiteReport name="JSON Marshalling Test Suite" xmlns="http://www.sun.com/japex/testSuiteReport">
  <chartType>barchart</chartType>
  <classPath>bin
lib/asm-2.2.3.jar
lib/asm-attrs-2.2.3.jar
lib/asm-commons-2.2.3.jar
lib/google-collections/google-collect-snapshot-20071022.jar
lib/junit/junit-4.1.jar
lib/japex/japex-1.1.jar
lib/flexjson/flexjson-1.6.jar
lib/sojo/sojo-0.5.0.jar
lib/xstream/xstream-1.2.2.jar</classPath>
  <configFile>config.japex.xml</configFile>
  <dateTime>19 Nov 2007/15:02:01 PST</dateTime>
  <hostName>dhcp-172-19-19-144.corp.google.com</hostName>
  <numberOfCpus>2</numberOfCpus>
  <numberOfThreads>1</numberOfThreads>
  <osArchitecture>i386</osArchitecture>
  <osName>Mac OS X</osName>
  <plotDrivers>false</plotDrivers>
  <plotGroupSize>5</plotGroupSize>
  <reportsDirectory>reports</reportsDirectory>
  <resultAxis>normal</resultAxis>
  <resultAxisX>normal</resultAxisX>
  <resultUnit>TPS</resultUnit>
  <runTime>30</runTime>
  <runsPerDriver>1</runsPerDriver>
  <version>1.1.0</version>
  <vmInfo>Apple Computer, Inc. 1.5.0_07-87</vmInfo>
  <warmupTime>10</warmupTime>
  <warmupsPerDriver>0</warmupsPerDriver>
  <libraryDir xmlns="">lib</libraryDir>
  <driver name="JsonMarshaller 0.8">
    <driverClass>com.twolattes.json.benchmark.JsonMarshallerMarshallingDriver</driverClass>
    <resultAritMean>62117.709</resultAritMean>
    <resultGeomMean>58594.481</resultGeomMean>
    <resultHarmMean>54320.692</resultHarmMean>
    <testCase name="EntityA">
      <resultIterations>2344659.000</resultIterations>
      <resultTime>29.965</resultTime>
      <resultValue>78247.846</resultValue>
      <entityClass xmlns="">com.twolattes.json.benchmark.EntityA</entityClass>
      <flexjsonIncludes xmlns="">n/a</flexjsonIncludes>
    </testCase>
    <testCase name="EntityB (deep)">
      <resultIterations>2089736.000</resultIterations>
      <resultTime>29.963</resultTime>
      <resultValue>69743.388</resultValue>
      <entityClass xmlns="">com.twolattes.json.benchmark.EntityB</entityClass>
      <flexjsonIncludes xmlns="">n/a</flexjsonIncludes>
    </testCase>
    <testCase name="EntityB (includes)">
      <resultIterations>2076753.000</resultIterations>
      <resultTime>29.959</resultTime>
      <resultValue>69319.872</resultValue>
      <entityClass xmlns="">com.twolattes.json.benchmark.EntityB</entityClass>
      <flexjsonIncludes xmlns="">doubles</flexjsonIncludes>
    </testCase>
    <testCase name="EntityC (deep)">
      <resultIterations>933658.000</resultIterations>
      <resultTime>29.964</resultTime>
      <resultValue>31159.729</resultValue>
      <entityClass xmlns="">com.twolattes.json.benchmark.EntityC</entityClass>
      <flexjsonIncludes xmlns="">n/a</flexjsonIncludes>
    </testCase>
  </driver>
  <driver name="Flexjson 1.6">
    <driverClass>com.twolattes.json.benchmark.FlexjsonMarshallingDriver</driverClass>
    <resultAritMean>34063.586</resultAritMean>
    <resultGeomMean>12270.144</resultGeomMean>
    <resultHarmMean>1215.100</resultHarmMean>
    <testCase name="EntityA">
      <resultIterations>1697296.000</resultIterations>
      <resultTime>29.963</resultTime>
      <resultValue>56645.610</resultValue>
      <entityClass xmlns="">com.twolattes.json.benchmark.EntityA</entityClass>
      <flexjsonIncludes xmlns="">n/a</flexjsonIncludes>
    </testCase>
    <testCase name="EntityB (deep)">
      <resultIterations>1695127.000</resultIterations>
      <resultTime>29.963</resultTime>
      <resultValue>56574.517</resultValue>
      <entityClass xmlns="">com.twolattes.json.benchmark.EntityB</entityClass>
      <flexjsonIncludes xmlns="">n/a</flexjsonIncludes>
    </testCase>
    <testCase name="EntityB (includes)">
      <resultIterations>9327.000</resultIterations>
      <resultTime>29.964</resultTime>
      <resultValue>311.277</resultValue>
      <entityClass xmlns="">com.twolattes.json.benchmark.EntityB</entityClass>
      <flexjsonIncludes xmlns="">doubles</flexjsonIncludes>
    </testCase>
    <testCase name="EntityC (deep)">
      <resultIterations>680861.000</resultIterations>
      <resultTime>29.964</resultTime>
      <resultValue>22722.939</resultValue>
      <entityClass xmlns="">com.twolattes.json.benchmark.EntityC</entityClass>
      <flexjsonIncludes xmlns="">n/a</flexjsonIncludes>
    </testCase>
  </driver>
  <driver name="SOJO 0.5">
    <driverClass>com.twolattes.json.benchmark.SojoMarshallingDriver</driverClass>
    <resultAritMean>11550.617</resultAritMean>
    <resultGeomMean>10749.283</resultGeomMean>
    <resultHarmMean>9785.699</resultHarmMean>
    <testCase name="EntityA">
      <resultIterations>463097.000</resultIterations>
      <resultTime>29.960</resultTime>
      <resultValue>15456.983</resultValue>
      <entityClass xmlns="">com.twolattes.json.benchmark.EntityA</entityClass>
      <flexjsonIncludes xmlns="">n/a</flexjsonIncludes>
    </testCase>
    <testCase name="EntityB (deep)">
      <resultIterations>381741.000</resultIterations>
      <resultTime>29.962</resultTime>
      <resultValue>12740.716</resultValue>
      <entityClass xmlns="">com.twolattes.json.benchmark.EntityB</entityClass>
      <flexjsonIncludes xmlns="">n/a</flexjsonIncludes>
    </testCase>
    <testCase name="EntityB (includes)">
      <resultIterations>378795.000</resultIterations>
      <resultTime>29.963</resultTime>
      <resultValue>12642.114</resultValue>
      <entityClass xmlns="">com.twolattes.json.benchmark.EntityB</entityClass>
      <flexjsonIncludes xmlns="">doubles</flexjsonIncludes>
    </testCase>
    <testCase name="EntityC (deep)">
      <resultIterations>160683.000</resultIterations>
      <resultTime>29.963</resultTime>
      <resultValue>5362.653</resultValue>
      <entityClass xmlns="">com.twolattes.json.benchmark.EntityC</entityClass>
      <flexjsonIncludes xmlns="">n/a</flexjsonIncludes>
    </testCase>
  </driver>
  <driver name="XStream 1.2.2">
    <driverClass>com.twolattes.json.benchmark.XStreamMarshallingDriver</driverClass>
    <resultAritMean>15404.836</resultAritMean>
    <resultGeomMean>14547.646</resultGeomMean>
    <resultHarmMean>13497.946</resultHarmMean>
    <testCase name="EntityA">
      <resultIterations>515267.000</resultIterations>
      <resultTime>29.959</resultTime>
      <resultValue>17199.041</resultValue>
      <entityClass xmlns="">com.twolattes.json.benchmark.EntityA</entityClass>
      <flexjsonIncludes xmlns="">n/a</flexjsonIncludes>
    </testCase>
    <testCase name="EntityB (deep)">
      <resultIterations>549287.000</resultIterations>
      <resultTime>29.961</resultTime>
      <resultValue>18333.553</resultValue>
      <entityClass xmlns="">com.twolattes.json.benchmark.EntityB</entityClass>
      <flexjsonIncludes xmlns="">n/a</flexjsonIncludes>
    </testCase>
    <testCase name="EntityB (includes)">
      <resultIterations>549585.000</resultIterations>
      <resultTime>29.961</resultTime>
      <resultValue>18343.053</resultValue>
      <entityClass xmlns="">com.twolattes.json.benchmark.EntityB</entityClass>
      <flexjsonIncludes xmlns="">doubles</flexjsonIncludes>
    </testCase>
    <testCase name="EntityC (deep)">
      <resultIterations>232003.000</resultIterations>
      <resultTime>29.960</resultTime>
      <resultValue>7743.699</resultValue>
      <entityClass xmlns="">com.twolattes.json.benchmark.EntityC</entityClass>
      <flexjsonIncludes xmlns="">n/a</flexjsonIncludes>
    </testCase>
  </driver>
</testSuiteReport>
